{
  "project_info": {
    "project_number": "191217982653",
    "firebase_url": "https://questionnaire-843f2.firebaseio.com",
    "project_id": "questionnaire-843f2",
    "storage_bucket": "questionnaire-843f2.appspot.com"
  },
  "client": [
    {
      "client_info": {
        "mobilesdk_app_id": "1:191217982653:android:4d4a7c600cea214183ebd4",
        "android_client_info": {
          "package_name": "com.example.questionnaire"
        }
      },
      "oauth_client": [
        {
          "client_id": "191217982653-svbdqrejg93774gc9b4hdlc81lom3dan.apps.googleusercontent.com",
          "client_type": 1,
          "android_info": {
            "package_name": "com.example.questionnaire",
            "certificate_hash": "859de9fb840d2b26b0449e2157d28424e764b6a6"
          }
        },
        {
          "client_id": "191217982653-dsbp9shif1qcjbht0i7peo4dg19fbulo.apps.googleusercontent.com",
          "client_type": 3
        }
      ],
      "api_key": [
        {
          "current_key": "AIzaSyB5s2e74eEdnxsXqRj93qXkM5ndD4gRLbY"
        }
      ],
      "services": {
        "appinvite_service": {
          "other_platform_oauth_client": [
            {
              "client_id": "191217982653-dsbp9shif1qcjbht0i7peo4dg19fbulo.apps.googleusercontent.com",
              "client_type": 3
            }
          ]
        }
      }
    }
  ],
  "configuration_version": "1"
}